{
  "betteranimalsplus:root": {
    "criteria": {
      "tick": "2024-07-26 14:06:27 +0000"
    },
    "done": true
  },
  "tombstone:tutorial/root": {
    "criteria": {
      "auto": "2024-07-26 14:06:26 +0000"
    },
    "done": true
  },
  "trashcans:recipes/energy_trash_can": {
    "criteria": {
      "recipe_condition": "2024-07-26 14:06:26 +0000"
    },
    "done": true
  },
  "mowziesmobs:root": {
    "criteria": {
      "custom_test_name": "2024-07-26 14:06:27 +0000"
    },
    "done": true
  },
  "minecraft:adventure/adventuring_time": {
    "criteria": {
      "forest": "2024-07-26 14:09:42 +0000",
      "swampland": "2024-07-26 14:07:10 +0000",
      "plains": "2024-07-26 14:06:26 +0000"
    },
    "done": false
  },
  "trashcans:recipes/item_trash_can": {
    "criteria": {
      "recipe_condition": "2024-07-26 14:06:26 +0000"
    },
    "done": true
  }
}